q_id,skillId
K6A1_01,A1_Thong_tin_va_xu_li
K6A1_02,A1_Thong_tin_va_xu_li
K6A1_03,A1_Thong_tin_va_xu_li
K6A1_04,A1_Thong_tin_va_xu_li
K6A1_05,A1_Thong_tin_va_xu_li
K6A1_06,A1_Thong_tin_va_xu_li
K6A1_07,A1_Thong_tin_va_xu_li
K6A1_08,A1_Thong_tin_va_xu_li
K6A1_09,A1_Thong_tin_va_xu_li
K6A1_10,A1_Thong_tin_va_xu_li
K6A1_11,A1_Thong_tin_va_xu_li
K6A1_12,A1_Thong_tin_va_xu_li
K6A2_01,A2_Luu_tru_va_trao_doi
K6A2_02,A2_Luu_tru_va_trao_doi
K6A2_03,A2_Luu_tru_va_trao_doi
K6A2_04,A2_Luu_tru_va_trao_doi
K6A2_05,A2_Luu_tru_va_trao_doi
K6A2_06,A2_Luu_tru_va_trao_doi
K6A2_07,A2_Luu_tru_va_trao_doi
K6A2_08,A2_Luu_tru_va_trao_doi
K6A2_09,A2_Luu_tru_va_trao_doi
K6A2_10,A2_Luu_tru_va_trao_doi
K6A2_11,A2_Luu_tru_va_trao_doi
K6A2_12,A2_Luu_tru_va_trao_doi
K6A3_01,A3_May_tinh_trong_HDTT
K6A3_02,A3_May_tinh_trong_HDTT
K6A3_03,A3_May_tinh_trong_HDTT
K6A3_04,A3_May_tinh_trong_HDTT
K6A3_05,A3_May_tinh_trong_HDTT
K6A3_06,A3_May_tinh_trong_HDTT
K6A3_07,A3_May_tinh_trong_HDTT
K6A3_08,A3_May_tinh_trong_HDTT
K6A3_09,A3_May_tinh_trong_HDTT
K6A3_10,A3_May_tinh_trong_HDTT
K6A3_11,A3_May_tinh_trong_HDTT
K6A3_12,A3_May_tinh_trong_HDTT
K6A4_01,A4_Bieu_dien_du_lieu
K6A4_02,A4_Bieu_dien_du_lieu
K6A4_03,A4_Bieu_dien_du_lieu
K6A4_04,A4_Bieu_dien_du_lieu
K6A4_05,A4_Bieu_dien_du_lieu
K6A4_06,A4_Bieu_dien_du_lieu
K6A4_07,A4_Bieu_dien_du_lieu
K6A4_08,A4_Bieu_dien_du_lieu
K6A4_09,A4_Bieu_dien_du_lieu
K6A4_10,A4_Bieu_dien_du_lieu
K6A4_11,A4_Bieu_dien_du_lieu
K6A4_12,A4_Bieu_dien_du_lieu
K6A5_01,A5_Du_lieu_trong_may_tinh
K6A5_02,A5_Du_lieu_trong_may_tinh
K6A5_03,A5_Du_lieu_trong_may_tinh
K6A5_04,A5_Du_lieu_trong_may_tinh
K6A5_05,A5_Du_lieu_trong_may_tinh
K6A5_06,A5_Du_lieu_trong_may_tinh
K6A5_07,A5_Du_lieu_trong_may_tinh
K6A5_08,A5_Du_lieu_trong_may_tinh
K6A5_09,A5_Du_lieu_trong_may_tinh
K6A5_10,A5_Du_lieu_trong_may_tinh
K6A5_11,A5_Du_lieu_trong_may_tinh
K6A5_12,A5_Du_lieu_trong_may_tinh
K6B1_01,k6_b1_khai_niem_loi_ich
K6B1_02,k6_b1_khai_niem_loi_ich
K6B1_03,k6_b1_khai_niem_loi_ich
K6B1_04,k6_b1_khai_niem_loi_ich
K6B1_05,k6_b1_khai_niem_loi_ich
K6B1_06,k6_b1_khai_niem_loi_ich
K6B1_07,k6_b1_khai_niem_loi_ich
K6B1_08,k6_b1_khai_niem_loi_ich
K6B1_09,k6_b1_khai_niem_loi_ich
K6B1_10,k6_b1_khai_niem_loi_ich
K6B1_11,k6_b1_khai_niem_loi_ich
K6B1_12,k6_b1_khai_niem_loi_ich
K6B2_01,k6_b2_thanh_phan_mang
K6B2_02,k6_b2_thanh_phan_mang
K6B2_03,k6_b2_thanh_phan_mang
K6B2_04,k6_b2_thanh_phan_mang
K6B2_05,k6_b2_thanh_phan_mang
K6B2_06,k6_b2_thanh_phan_mang
K6B2_07,k6_b2_thanh_phan_mang
K6B2_08,k6_b2_thanh_phan_mang
K6B2_09,k6_b2_thanh_phan_mang
K6B2_10,k6_b2_thanh_phan_mang
K6B2_11,k6_b2_thanh_phan_mang
K6B2_12,k6_b2_thanh_phan_mang
K6B3_01,k6_b3_co_day_khong_day
K6B3_02,k6_b3_co_day_khong_day
K6B3_03,k6_b3_co_day_khong_day
K6B3_04,k6_b3_co_day_khong_day
K6B3_05,k6_b3_co_day_khong_day
K6B3_06,k6_b3_co_day_khong_day
K6B3_07,k6_b3_co_day_khong_day
K6B3_08,k6_b3_co_day_khong_day
K6B3_09,k6_b3_co_day_khong_day
K6B3_10,k6_b3_co_day_khong_day
K6B3_11,k6_b3_co_day_khong_day
K6B3_12,k6_b3_co_day_khong_day
K6B4_01,k6_b4_thuc_hanh
K6B4_02,k6_b4_thuc_hanh
K6B4_03,k6_b4_thuc_hanh
K6B4_04,k6_b4_thuc_hanh
K6B4_05,k6_b4_thuc_hanh
K6B4_06,k6_b4_thuc_hanh
K6B4_07,k6_b4_thuc_hanh
K6B4_08,k6_b4_thuc_hanh
K6B4_09,k6_b4_thuc_hanh
K6B4_10,k6_b4_thuc_hanh
K6B4_11,k6_b4_thuc_hanh
K6B4_12,k6_b4_thuc_hanh
K6C1_01,k6_c1_thong_tin_tren_web
K6C1_02,k6_c1_thong_tin_tren_web
K6C1_03,k6_c1_thong_tin_tren_web
K6C1_04,k6_c1_thong_tin_tren_web
K6C1_05,k6_c1_thong_tin_tren_web
K6C1_06,k6_c1_thong_tin_tren_web
K6C1_07,k6_c1_thong_tin_tren_web
K6C1_08,k6_c1_thong_tin_tren_web
K6C1_09,k6_c1_thong_tin_tren_web
K6C1_10,k6_c1_thong_tin_tren_web
K6C1_11,k6_c1_thong_tin_tren_web
K6C1_12,k6_c1_thong_tin_tren_web
K6C2_01,k6_c2_www_trinh_duyet
K6C2_02,k6_c2_www_trinh_duyet
K6C2_03,k6_c2_www_trinh_duyet
K6C2_04,k6_c2_www_trinh_duyet
K6C2_05,k6_c2_www_trinh_duyet
K6C2_06,k6_c2_www_trinh_duyet
K6C2_07,k6_c2_www_trinh_duyet
K6C2_08,k6_c2_www_trinh_duyet
K6C2_09,k6_c2_www_trinh_duyet
K6C2_10,k6_c2_www_trinh_duyet
K6C2_11,k6_c2_www_trinh_duyet
K6C2_12,k6_c2_www_trinh_duyet
K6C3_01,k6_c3_may_tim_kiem
K6C3_02,k6_c3_may_tim_kiem
K6C3_03,k6_c3_may_tim_kiem
K6C3_04,k6_c3_may_tim_kiem
K6C3_05,k6_c3_may_tim_kiem
K6C3_06,k6_c3_may_tim_kiem
K6C3_07,k6_c3_may_tim_kiem
K6C3_08,k6_c3_may_tim_kiem
K6C3_09,k6_c3_may_tim_kiem
K6C3_10,k6_c3_may_tim_kiem
K6C3_11,k6_c3_may_tim_kiem
K6C3_12,k6_c3_may_tim_kiem
K6C4_01,k6_c4_thuc_hanh_tim_kiem
K6C4_02,k6_c4_thuc_hanh_tim_kiem
K6C4_03,k6_c4_thuc_hanh_tim_kiem
K6C4_04,k6_c4_thuc_hanh_tim_kiem
K6C4_05,k6_c4_thuc_hanh_tim_kiem
K6C4_06,k6_c4_thuc_hanh_tim_kiem
K6C4_07,k6_c4_thuc_hanh_tim_kiem
K6C4_08,k6_c4_thuc_hanh_tim_kiem
K6C4_09,k6_c4_thuc_hanh_tim_kiem
K6C4_10,k6_c4_thuc_hanh_tim_kiem
K6C4_11,k6_c4_thuc_hanh_tim_kiem
K6C4_12,k6_c4_thuc_hanh_tim_kiem
K6C5_01,k6_c5_thu_dien_tu
K6C5_02,k6_c5_thu_dien_tu
K6C5_03,k6_c5_thu_dien_tu
K6C5_04,k6_c5_thu_dien_tu
K6C5_05,k6_c5_thu_dien_tu
K6C5_06,k6_c5_thu_dien_tu
K6C5_07,k6_c5_thu_dien_tu
K6C5_08,k6_c5_thu_dien_tu
K6C5_09,k6_c5_thu_dien_tu
K6C5_10,k6_c5_thu_dien_tu
K6C5_11,k6_c5_thu_dien_tu
K6C5_12,k6_c5_thu_dien_tu
K6C6_01,k6_c6_thuc_hanh_email
K6C6_02,k6_c6_thuc_hanh_email
K6C6_03,k6_c6_thuc_hanh_email
K6C6_04,k6_c6_thuc_hanh_email
K6C6_05,k6_c6_thuc_hanh_email
K6C6_06,k6_c6_thuc_hanh_email
K6C6_07,k6_c6_thuc_hanh_email
K6C6_08,k6_c6_thuc_hanh_email
K6C6_09,k6_c6_thuc_hanh_email
K6C6_10,k6_c6_thuc_hanh_email
K6C6_11,k6_c6_thuc_hanh_email
K6C6_12,k6_c6_thuc_hanh_email
K6D1_01,k6_d1_mat_trai_internet
K6D1_02,k6_d1_mat_trai_internet
K6D1_03,k6_d1_mat_trai_internet
K6D1_04,k6_d1_mat_trai_internet
K6D1_05,k6_d1_mat_trai_internet
K6D1_06,k6_d1_mat_trai_internet
K6D1_07,k6_d1_mat_trai_internet
K6D1_08,k6_d1_mat_trai_internet
K6D1_09,k6_d1_mat_trai_internet
K6D1_10,k6_d1_mat_trai_internet
K6D1_11,k6_d1_mat_trai_internet
K6D1_12,k6_d1_mat_trai_internet
K6D2_01,k6_d2_an_toan_hop_phap
K6D2_02,k6_d2_an_toan_hop_phap
K6D2_03,k6_d2_an_toan_hop_phap
K6D2_04,k6_d2_an_toan_hop_phap
K6D2_05,k6_d2_an_toan_hop_phap
K6D2_06,k6_d2_an_toan_hop_phap
K6D2_07,k6_d2_an_toan_hop_phap
K6D2_08,k6_d2_an_toan_hop_phap
K6D2_09,k6_d2_an_toan_hop_phap
K6D2_10,k6_d2_an_toan_hop_phap
K6D2_11,k6_d2_an_toan_hop_phap
K6D2_12,k6_d2_an_toan_hop_phap
K6D3_01,k6_d3_thuc_hanh_phong_ve
K6D3_02,k6_d3_thuc_hanh_phong_ve
K6D3_03,k6_d3_thuc_hanh_phong_ve
K6D3_04,k6_d3_thuc_hanh_phong_ve
K6D3_05,k6_d3_thuc_hanh_phong_ve
K6D3_06,k6_d3_thuc_hanh_phong_ve
K6D3_07,k6_d3_thuc_hanh_phong_ve
K6D3_08,k6_d3_thuc_hanh_phong_ve
K6D3_09,k6_d3_thuc_hanh_phong_ve
K6D3_10,k6_d3_thuc_hanh_phong_ve
K6D3_11,k6_d3_thuc_hanh_phong_ve
K6D3_12,k6_d3_thuc_hanh_phong_ve
K6E1_01,k6_e1_find_replace
K6E1_02,k6_e1_find_replace
K6E1_03,k6_e1_find_replace
K6E1_04,k6_e1_find_replace
K6E1_05,k6_e1_find_replace
K6E1_06,k6_e1_find_replace
K6E1_07,k6_e1_find_replace
K6E1_08,k6_e1_find_replace
K6E1_09,k6_e1_find_replace
K6E1_10,k6_e1_find_replace
K6E1_11,k6_e1_find_replace
K6E1_12,k6_e1_find_replace
K6E2_01,k6_e2_page_setup_print
K6E2_02,k6_e2_page_setup_print
K6E2_03,k6_e2_page_setup_print
K6E2_04,k6_e2_page_setup_print
K6E2_05,k6_e2_page_setup_print
K6E2_06,k6_e2_page_setup_print
K6E2_07,k6_e2_page_setup_print
K6E2_08,k6_e2_page_setup_print
K6E2_09,k6_e2_page_setup_print
K6E2_10,k6_e2_page_setup_print
K6E2_11,k6_e2_page_setup_print
K6E2_12,k6_e2_page_setup_print
K6E3_01,k6_e3_practice_wp
K6E3_02,k6_e3_practice_wp
K6E3_03,k6_e3_practice_wp
K6E3_04,k6_e3_practice_wp
K6E3_05,k6_e3_practice_wp
K6E3_06,k6_e3_practice_wp
K6E3_07,k6_e3_practice_wp
K6E3_08,k6_e3_practice_wp
K6E3_09,k6_e3_practice_wp
K6E3_10,k6_e3_practice_wp
K6E3_11,k6_e3_practice_wp
K6E3_12,k6_e3_practice_wp
K6E4_01,k6_e4_tables
K6E4_02,k6_e4_tables
K6E4_03,k6_e4_tables
K6E4_04,k6_e4_tables
K6E4_05,k6_e4_tables
K6E4_06,k6_e4_tables
K6E4_07,k6_e4_tables
K6E4_08,k6_e4_tables
K6E4_09,k6_e4_tables
K6E4_10,k6_e4_tables
K6E4_11,k6_e4_tables
K6E4_12,k6_e4_tables
K6E5_01,k6_e5_practice_overall
K6E5_02,k6_e5_practice_overall
K6E5_03,k6_e5_practice_overall
K6E5_04,k6_e5_practice_overall
K6E5_05,k6_e5_practice_overall
K6E5_06,k6_e5_practice_overall
K6E5_07,k6_e5_practice_overall
K6E5_08,k6_e5_practice_overall
K6E5_09,k6_e5_practice_overall
K6E5_10,k6_e5_practice_overall
K6E5_11,k6_e5_practice_overall
K6E5_12,k6_e5_practice_overall
K6E6_01,k6_e6_mindmap_basic
K6E6_02,k6_e6_mindmap_basic
K6E6_03,k6_e6_mindmap_basic
K6E6_04,k6_e6_mindmap_basic
K6E6_05,k6_e6_mindmap_basic
K6E6_06,k6_e6_mindmap_basic
K6E6_07,k6_e6_mindmap_basic
K6E6_08,k6_e6_mindmap_basic
K6E6_09,k6_e6_mindmap_basic
K6E6_10,k6_e6_mindmap_basic
K6E6_11,k6_e6_mindmap_basic
K6E6_12,k6_e6_mindmap_basic
K6E7_01,k6_e7_mindmap_software
K6E7_02,k6_e7_mindmap_software
K6E7_03,k6_e7_mindmap_software
K6E7_04,k6_e7_mindmap_software
K6E7_05,k6_e7_mindmap_software
K6E7_06,k6_e7_mindmap_software
K6E7_07,k6_e7_mindmap_software
K6E7_08,k6_e7_mindmap_software
K6E7_09,k6_e7_mindmap_software
K6E7_10,k6_e7_mindmap_software
K6E7_11,k6_e7_mindmap_software
K6E7_12,k6_e7_mindmap_software
K6E8_01,k6_e8_project
K6E8_02,k6_e8_project
K6E8_03,k6_e8_project
K6E8_04,k6_e8_project
K6E8_05,k6_e8_project
K6E8_06,k6_e8_project
K6E8_07,k6_e8_project
K6E8_08,k6_e8_project
K6E8_09,k6_e8_project
K6E8_10,k6_e8_project
K6E8_11,k6_e8_project
K6E8_12,k6_e8_project
K6F1_01,k6_f1_khai_niem_thuat_toan
K6F1_02,k6_f1_khai_niem_thuat_toan
K6F1_03,k6_f1_khai_niem_thuat_toan
K6F1_04,k6_f1_khai_niem_thuat_toan
K6F1_05,k6_f1_khai_niem_thuat_toan
K6F1_06,k6_f1_khai_niem_thuat_toan
K6F1_07,k6_f1_khai_niem_thuat_toan
K6F1_08,k6_f1_khai_niem_thuat_toan
K6F1_09,k6_f1_khai_niem_thuat_toan
K6F1_10,k6_f1_khai_niem_thuat_toan
K6F1_11,k6_f1_khai_niem_thuat_toan
K6F1_12,k6_f1_khai_niem_thuat_toan
K6F2_01,k6_f2_mo_ta_tuan_tu
K6F2_02,k6_f2_mo_ta_tuan_tu
K6F2_03,k6_f2_mo_ta_tuan_tu
K6F2_04,k6_f2_mo_ta_tuan_tu
K6F2_05,k6_f2_mo_ta_tuan_tu
K6F2_06,k6_f2_mo_ta_tuan_tu
K6F2_07,k6_f2_mo_ta_tuan_tu
K6F2_08,k6_f2_mo_ta_tuan_tu
K6F2_09,k6_f2_mo_ta_tuan_tu
K6F2_10,k6_f2_mo_ta_tuan_tu
K6F2_11,k6_f2_mo_ta_tuan_tu
K6F2_12,k6_f2_mo_ta_tuan_tu
K6F3_01,k6_f3_re_nhanh
K6F3_02,k6_f3_re_nhanh
K6F3_03,k6_f3_re_nhanh
K6F3_04,k6_f3_re_nhanh
K6F3_05,k6_f3_re_nhanh
K6F3_06,k6_f3_re_nhanh
K6F3_07,k6_f3_re_nhanh
K6F3_08,k6_f3_re_nhanh
K6F3_09,k6_f3_re_nhanh
K6F3_10,k6_f3_re_nhanh
K6F3_11,k6_f3_re_nhanh
K6F3_12,k6_f3_re_nhanh
K6F4_01,k6_f4_lap
K6F4_02,k6_f4_lap
K6F4_03,k6_f4_lap
K6F4_04,k6_f4_lap
K6F4_05,k6_f4_lap
K6F4_06,k6_f4_lap
K6F4_07,k6_f4_lap
K6F4_08,k6_f4_lap
K6F4_09,k6_f4_lap
K6F4_10,k6_f4_lap
K6F4_11,k6_f4_lap
K6F4_12,k6_f4_lap
K6F5_01,k6_f5_thuc_hanh_mo_ta
K6F5_02,k6_f5_thuc_hanh_mo_ta
K6F5_03,k6_f5_thuc_hanh_mo_ta
K6F5_04,k6_f5_thuc_hanh_mo_ta
K6F5_05,k6_f5_thuc_hanh_mo_ta
K6F5_06,k6_f5_thuc_hanh_mo_ta
K6F5_07,k6_f5_thuc_hanh_mo_ta
K6F5_08,k6_f5_thuc_hanh_mo_ta
K6F5_09,k6_f5_thuc_hanh_mo_ta
K6F5_10,k6_f5_thuc_hanh_mo_ta
K6F5_11,k6_f5_thuc_hanh_mo_ta
K6F5_12,k6_f5_thuc_hanh_mo_ta
K7A1_01,A1_Thiet_bi_Vao_Ra_co_ban
K7A1_02,A1_Thiet_bi_Vao_Ra_co_ban
K7A1_03,A1_Thiet_bi_Vao_Ra_co_ban
K7A1_04,A1_Thiet_bi_Vao_Ra_co_ban
K7A1_05,A1_Thiet_bi_Vao_Ra_co_ban
K7A1_06,A1_Thiet_bi_Vao_Ra_co_ban
K7A1_07,A1_Thiet_bi_Vao_Ra_co_ban
K7A1_08,A1_Thiet_bi_Vao_Ra_co_ban
K7A1_09,A1_Thiet_bi_Vao_Ra_co_ban
K7A1_10,A1_Thiet_bi_Vao_Ra_co_ban
K7A1_11,A1_Thiet_bi_Vao_Ra_co_ban
K7A1_12,A1_Thiet_bi_Vao_Ra_co_ban
K7A2_01,A2_Khai_niem_Vao_Ra
K7A2_02,A2_Khai_niem_Vao_Ra
K7A2_03,A2_Khai_niem_Vao_Ra
K7A2_04,A2_Khai_niem_Vao_Ra
K7A2_05,A2_Khai_niem_Vao_Ra
K7A2_06,A2_Khai_niem_Vao_Ra
K7A2_07,A2_Khai_niem_Vao_Ra
K7A2_08,A2_Khai_niem_Vao_Ra
K7A2_09,A2_Khai_niem_Vao_Ra
K7A2_10,A2_Khai_niem_Vao_Ra
K7A2_11,A2_Khai_niem_Vao_Ra
K7A2_12,A2_Khai_niem_Vao_Ra
K7B1_01,B1_Gioi_thieu_mang_xa_hoi
K7B1_02,B1_Gioi_thieu_mang_xa_hoi
K7B1_03,B1_Gioi_thieu_mang_xa_hoi
K7B1_04,B1_Gioi_thieu_mang_xa_hoi
K7B1_05,B1_Gioi_thieu_mang_xa_hoi
K7B1_06,B1_Gioi_thieu_mang_xa_hoi
K7B1_07,B1_Gioi_thieu_mang_xa_hoi
K7B1_08,B1_Gioi_thieu_mang_xa_hoi
K7B1_09,B1_Gioi_thieu_mang_xa_hoi
K7B1_10,B1_Gioi_thieu_mang_xa_hoi
K7B1_11,B1_Gioi_thieu_mang_xa_hoi
K7B1_12,B1_Gioi_thieu_mang_xa_hoi
K7B2_01,B2_Thuc_hanh_mxh
K7B2_02,B2_Thuc_hanh_mxh
K7B2_03,B2_Thuc_hanh_mxh
K7B2_04,B2_Thuc_hanh_mxh
K7B2_05,B2_Thuc_hanh_mxh
K7B2_06,B2_Thuc_hanh_mxh
K7B2_07,B2_Thuc_hanh_mxh
K7B2_08,B2_Thuc_hanh_mxh
K7B2_09,B2_Thuc_hanh_mxh
K7B2_10,B2_Thuc_hanh_mxh
K7B2_11,B2_Thuc_hanh_mxh
K7B2_12,B2_Thuc_hanh_mxh
K7B3_01,B3_Trao_doi_thong_tin_mxh
K7B3_02,B3_Trao_doi_thong_tin_mxh
K7B3_03,B3_Trao_doi_thong_tin_mxh
K7B3_04,B3_Trao_doi_thong_tin_mxh
K7B3_05,B3_Trao_doi_thong_tin_mxh
K7B3_06,B3_Trao_doi_thong_tin_mxh
K7B3_07,B3_Trao_doi_thong_tin_mxh
K7B3_08,B3_Trao_doi_thong_tin_mxh
K7B3_09,B3_Trao_doi_thong_tin_mxh
K7B3_10,B3_Trao_doi_thong_tin_mxh
K7B3_11,B3_Trao_doi_thong_tin_mxh
K7B3_12,B3_Trao_doi_thong_tin_mxh
K7D1_01,D1_Ung_xu_van_hoa_mang
K7D1_02,D1_Ung_xu_van_hoa_mang
K7D1_03,D1_Ung_xu_van_hoa_mang
K7D1_04,D1_Ung_xu_van_hoa_mang
K7D1_05,D1_Ung_xu_van_hoa_mang
K7D1_06,D1_Ung_xu_van_hoa_mang
K7D1_07,D1_Ung_xu_van_hoa_mang
K7D1_08,D1_Ung_xu_van_hoa_mang
K7D1_09,D1_Ung_xu_van_hoa_mang
K7D1_10,D1_Ung_xu_van_hoa_mang
K7D1_11,D1_Ung_xu_van_hoa_mang
K7D1_12,D1_Ung_xu_van_hoa_mang
K7D2_01,D2_Tranh_rui_ro_tren_mang
K7D2_02,D2_Tranh_rui_ro_tren_mang
K7D2_03,D2_Tranh_rui_ro_tren_mang
K7D2_04,D2_Tranh_rui_ro_tren_mang
K7D2_05,D2_Tranh_rui_ro_tren_mang
K7D2_06,D2_Tranh_rui_ro_tren_mang
K7D2_07,D2_Tranh_rui_ro_tren_mang
K7D2_08,D2_Tranh_rui_ro_tren_mang
K7D2_09,D2_Tranh_rui_ro_tren_mang
K7D2_10,D2_Tranh_rui_ro_tren_mang
K7D2_11,D2_Tranh_rui_ro_tren_mang
K7D2_12,D2_Tranh_rui_ro_tren_mang
K7E10_01,E10_Dem_va_tinh_theo_dieu_kien
K7E10_02,E10_Dem_va_tinh_theo_dieu_kien
K7E10_03,E10_Dem_va_tinh_theo_dieu_kien
K7E10_04,E10_Dem_va_tinh_theo_dieu_kien
K7E10_05,E10_Dem_va_tinh_theo_dieu_kien
K7E10_06,E10_Dem_va_tinh_theo_dieu_kien
K7E10_07,E10_Dem_va_tinh_theo_dieu_kien
K7E10_08,E10_Dem_va_tinh_theo_dieu_kien
K7E10_09,E10_Dem_va_tinh_theo_dieu_kien
K7E10_10,E10_Dem_va_tinh_theo_dieu_kien
K7E10_11,E10_Dem_va_tinh_theo_dieu_kien
K7E10_12,E10_Dem_va_tinh_theo_dieu_kien
K7E11_01,E11_Dia_chi_tuong_doi_tuyet_doi
K7E11_02,E11_Dia_chi_tuong_doi_tuyet_doi
K7E11_03,E11_Dia_chi_tuong_doi_tuyet_doi
K7E11_04,E11_Dia_chi_tuong_doi_tuyet_doi
K7E11_05,E11_Dia_chi_tuong_doi_tuyet_doi
K7E11_06,E11_Dia_chi_tuong_doi_tuyet_doi
K7E11_07,E11_Dia_chi_tuong_doi_tuyet_doi
K7E11_08,E11_Dia_chi_tuong_doi_tuyet_doi
K7E11_09,E11_Dia_chi_tuong_doi_tuyet_doi
K7E11_10,E11_Dia_chi_tuong_doi_tuyet_doi
K7E11_11,E11_Dia_chi_tuong_doi_tuyet_doi
K7E11_12,E11_Dia_chi_tuong_doi_tuyet_doi
K7E12_01,E12_Sap_xep_loc_nang_cao
K7E12_02,E12_Sap_xep_loc_nang_cao
K7E12_03,E12_Sap_xep_loc_nang_cao
K7E12_04,E12_Sap_xep_loc_nang_cao
K7E12_05,E12_Sap_xep_loc_nang_cao
K7E12_06,E12_Sap_xep_loc_nang_cao
K7E12_07,E12_Sap_xep_loc_nang_cao
K7E12_08,E12_Sap_xep_loc_nang_cao
K7E12_09,E12_Sap_xep_loc_nang_cao
K7E12_10,E12_Sap_xep_loc_nang_cao
K7E12_11,E12_Sap_xep_loc_nang_cao
K7E12_12,E12_Sap_xep_loc_nang_cao
K7E13_01,E13_Dinh_dang_co_dieu_kien
K7E13_02,E13_Dinh_dang_co_dieu_kien
K7E13_03,E13_Dinh_dang_co_dieu_kien
K7E13_04,E13_Dinh_dang_co_dieu_kien
K7E13_05,E13_Dinh_dang_co_dieu_kien
K7E13_06,E13_Dinh_dang_co_dieu_kien
K7E13_07,E13_Dinh_dang_co_dieu_kien
K7E13_08,E13_Dinh_dang_co_dieu_kien
K7E13_09,E13_Dinh_dang_co_dieu_kien
K7E13_10,E13_Dinh_dang_co_dieu_kien
K7E13_11,E13_Dinh_dang_co_dieu_kien
K7E13_12,E13_Dinh_dang_co_dieu_kien
K7E14_01,E14_Bao_ve_chia_se
K7E14_02,E14_Bao_ve_chia_se
K7E14_03,E14_Bao_ve_chia_se
K7E14_04,E14_Bao_ve_chia_se
K7E14_05,E14_Bao_ve_chia_se
K7E14_06,E14_Bao_ve_chia_se
K7E14_07,E14_Bao_ve_chia_se
K7E14_08,E14_Bao_ve_chia_se
K7E14_09,E14_Bao_ve_chia_se
K7E14_10,E14_Bao_ve_chia_se
K7E14_11,E14_Bao_ve_chia_se
K7E14_12,E14_Bao_ve_chia_se
K7E15_01,E15_Thuc_hanh_tong_hop
K7E15_02,E15_Thuc_hanh_tong_hop
K7E15_03,E15_Thuc_hanh_tong_hop
K7E15_04,E15_Thuc_hanh_tong_hop
K7E15_05,E15_Thuc_hanh_tong_hop
K7E15_06,E15_Thuc_hanh_tong_hop
K7E15_07,E15_Thuc_hanh_tong_hop
K7E15_08,E15_Thuc_hanh_tong_hop
K7E15_09,E15_Thuc_hanh_tong_hop
K7E15_10,E15_Thuc_hanh_tong_hop
K7E15_11,E15_Thuc_hanh_tong_hop
K7E15_12,E15_Thuc_hanh_tong_hop
K7E1_01,E1_Lam_quen_bang_tinh
K7E1_02,E1_Lam_quen_bang_tinh
K7E1_03,E1_Lam_quen_bang_tinh
K7E1_04,E1_Lam_quen_bang_tinh
K7E1_05,E1_Lam_quen_bang_tinh
K7E1_06,E1_Lam_quen_bang_tinh
K7E1_07,E1_Lam_quen_bang_tinh
K7E1_08,E1_Lam_quen_bang_tinh
K7E1_09,E1_Lam_quen_bang_tinh
K7E1_10,E1_Lam_quen_bang_tinh
K7E1_11,E1_Lam_quen_bang_tinh
K7E1_12,E1_Lam_quen_bang_tinh
K7E2_01,E2_Trang_tinh_va_thanh_phan
K7E2_02,E2_Trang_tinh_va_thanh_phan
K7E2_03,E2_Trang_tinh_va_thanh_phan
K7E2_04,E2_Trang_tinh_va_thanh_phan
K7E2_05,E2_Trang_tinh_va_thanh_phan
K7E2_06,E2_Trang_tinh_va_thanh_phan
K7E2_07,E2_Trang_tinh_va_thanh_phan
K7E2_08,E2_Trang_tinh_va_thanh_phan
K7E2_09,E2_Trang_tinh_va_thanh_phan
K7E2_10,E2_Trang_tinh_va_thanh_phan
K7E2_11,E2_Trang_tinh_va_thanh_phan
K7E2_12,E2_Trang_tinh_va_thanh_phan
K7E3_01,E3_Hop_ten_khoi_o_va_sao_chep
K7E3_02,E3_Hop_ten_khoi_o_va_sao_chep
K7E3_03,E3_Hop_ten_khoi_o_va_sao_chep
K7E3_04,E3_Hop_ten_khoi_o_va_sao_chep
K7E3_05,E3_Hop_ten_khoi_o_va_sao_chep
K7E3_06,E3_Hop_ten_khoi_o_va_sao_chep
K7E3_07,E3_Hop_ten_khoi_o_va_sao_chep
K7E3_08,E3_Hop_ten_khoi_o_va_sao_chep
K7E3_09,E3_Hop_ten_khoi_o_va_sao_chep
K7E3_10,E3_Hop_ten_khoi_o_va_sao_chep
K7E3_11,E3_Hop_ten_khoi_o_va_sao_chep
K7E3_12,E3_Hop_ten_khoi_o_va_sao_chep
K7E4_01,E4_Dinh_dang_bang_tinh
K7E4_02,E4_Dinh_dang_bang_tinh
K7E4_03,E4_Dinh_dang_bang_tinh
K7E4_04,E4_Dinh_dang_bang_tinh
K7E4_05,E4_Dinh_dang_bang_tinh
K7E4_06,E4_Dinh_dang_bang_tinh
K7E4_07,E4_Dinh_dang_bang_tinh
K7E4_08,E4_Dinh_dang_bang_tinh
K7E4_09,E4_Dinh_dang_bang_tinh
K7E4_10,E4_Dinh_dang_bang_tinh
K7E4_11,E4_Dinh_dang_bang_tinh
K7E4_12,E4_Dinh_dang_bang_tinh
K7E5_01,E5_Cong_thuc_va_ham
K7E5_02,E5_Cong_thuc_va_ham
K7E5_03,E5_Cong_thuc_va_ham
K7E5_04,E5_Cong_thuc_va_ham
K7E5_05,E5_Cong_thuc_va_ham
K7E5_06,E5_Cong_thuc_va_ham
K7E5_07,E5_Cong_thuc_va_ham
K7E5_08,E5_Cong_thuc_va_ham
K7E5_09,E5_Cong_thuc_va_ham
K7E5_10,E5_Cong_thuc_va_ham
K7E5_11,E5_Cong_thuc_va_ham
K7E5_12,E5_Cong_thuc_va_ham
K7E6_01,E6_Sap_xep_va_loc
K7E6_02,E6_Sap_xep_va_loc
K7E6_03,E6_Sap_xep_va_loc
K7E6_04,E6_Sap_xep_va_loc
K7E6_05,E6_Sap_xep_va_loc
K7E6_06,E6_Sap_xep_va_loc
K7E6_07,E6_Sap_xep_va_loc
K7E6_08,E6_Sap_xep_va_loc
K7E6_09,E6_Sap_xep_va_loc
K7E6_10,E6_Sap_xep_va_loc
K7E6_11,E6_Sap_xep_va_loc
K7E6_12,E6_Sap_xep_va_loc
K7E7_01,E7_Bieu_do
K7E7_02,E7_Bieu_do
K7E7_03,E7_Bieu_do
K7E7_04,E7_Bieu_do
K7E7_05,E7_Bieu_do
K7E7_06,E7_Bieu_do
K7E7_07,E7_Bieu_do
K7E7_08,E7_Bieu_do
K7E7_09,E7_Bieu_do
K7E7_10,E7_Bieu_do
K7E7_11,E7_Bieu_do
K7E7_12,E7_Bieu_do
K7E8_01,E8_Thuc_hanh_bao_cao
K7E8_02,E8_Thuc_hanh_bao_cao
K7E8_03,E8_Thuc_hanh_bao_cao
K7E8_04,E8_Thuc_hanh_bao_cao
K7E8_05,E8_Thuc_hanh_bao_cao
K7E8_06,E8_Thuc_hanh_bao_cao
K7E8_07,E8_Thuc_hanh_bao_cao
K7E8_08,E8_Thuc_hanh_bao_cao
K7E8_09,E8_Thuc_hanh_bao_cao
K7E8_10,E8_Thuc_hanh_bao_cao
K7E8_11,E8_Thuc_hanh_bao_cao
K7E8_12,E8_Thuc_hanh_bao_cao
K7E9_01,E9_Ham_IF
K7E9_02,E9_Ham_IF
K7E9_03,E9_Ham_IF
K7E9_04,E9_Ham_IF
K7E9_05,E9_Ham_IF
K7E9_06,E9_Ham_IF
K7E9_07,E9_Ham_IF
K7E9_08,E9_Ham_IF
K7E9_09,E9_Ham_IF
K7E9_10,E9_Ham_IF
K7E9_11,E9_Ham_IF
K7E9_12,E9_Ham_IF
K7F1_01,F1_Tim_kiem_tuan_tu
K7F1_02,F1_Tim_kiem_tuan_tu
K7F1_03,F1_Tim_kiem_tuan_tu
K7F1_04,F1_Tim_kiem_tuan_tu
K7F1_05,F1_Tim_kiem_tuan_tu
K7F1_06,F1_Tim_kiem_tuan_tu
K7F1_07,F1_Tim_kiem_tuan_tu
K7F1_08,F1_Tim_kiem_tuan_tu
K7F1_09,F1_Tim_kiem_tuan_tu
K7F1_10,F1_Tim_kiem_tuan_tu
K7F1_11,F1_Tim_kiem_tuan_tu
K7F1_12,F1_Tim_kiem_tuan_tu
K7F2_01,F2_Tim_kiem_nhi_phan
K7F2_02,F2_Tim_kiem_nhi_phan
K7F2_03,F2_Tim_kiem_nhi_phan
K7F2_04,F2_Tim_kiem_nhi_phan
K7F2_05,F2_Tim_kiem_nhi_phan
K7F2_06,F2_Tim_kiem_nhi_phan
K7F2_07,F2_Tim_kiem_nhi_phan
K7F2_08,F2_Tim_kiem_nhi_phan
K7F2_09,F2_Tim_kiem_nhi_phan
K7F2_10,F2_Tim_kiem_nhi_phan
K7F2_11,F2_Tim_kiem_nhi_phan
K7F2_12,F2_Tim_kiem_nhi_phan
K7F3_01,F3_Sap_xep_chon
K7F3_02,F3_Sap_xep_chon
K7F3_03,F3_Sap_xep_chon
K7F3_04,F3_Sap_xep_chon
K7F3_05,F3_Sap_xep_chon
K7F3_06,F3_Sap_xep_chon
K7F3_07,F3_Sap_xep_chon
K7F3_08,F3_Sap_xep_chon
K7F3_09,F3_Sap_xep_chon
K7F3_10,F3_Sap_xep_chon
K7F3_11,F3_Sap_xep_chon
K7F3_12,F3_Sap_xep_chon
K7F4_01,F4_Sap_xep_noi_bot
K7F4_02,F4_Sap_xep_noi_bot
K7F4_03,F4_Sap_xep_noi_bot
K7F4_04,F4_Sap_xep_noi_bot
K7F4_05,F4_Sap_xep_noi_bot
K7F4_06,F4_Sap_xep_noi_bot
K7F4_07,F4_Sap_xep_noi_bot
K7F4_08,F4_Sap_xep_noi_bot
K7F4_09,F4_Sap_xep_noi_bot
K7F4_10,F4_Sap_xep_noi_bot
K7F4_11,F4_Sap_xep_noi_bot
K7F4_12,F4_Sap_xep_noi_bot
K7F5_01,F5_Thuc_hanh_mo_phong
K7F5_02,F5_Thuc_hanh_mo_phong
K7F5_03,F5_Thuc_hanh_mo_phong
K7F5_04,F5_Thuc_hanh_mo_phong
K7F5_05,F5_Thuc_hanh_mo_phong
K7F5_06,F5_Thuc_hanh_mo_phong
K7F5_07,F5_Thuc_hanh_mo_phong
K7F5_08,F5_Thuc_hanh_mo_phong
K7F5_09,F5_Thuc_hanh_mo_phong
K7F5_10,F5_Thuc_hanh_mo_phong
K7F5_11,F5_Thuc_hanh_mo_phong
K7F5_12,F5_Thuc_hanh_mo_phong
K8A1_01,A_Lich_su_may_tinh
K8A1_02,A_Lich_su_may_tinh
K8A1_03,A_Lich_su_may_tinh
K8A1_04,A_Lich_su_may_tinh
K8A1_05,A_Lich_su_may_tinh
K8A1_06,A_Lich_su_may_tinh
K8A1_07,A_Lich_su_may_tinh
K8A1_08,A_Lich_su_may_tinh
K8A1_09,A_Lich_su_may_tinh
K8A1_10,A_Lich_su_may_tinh
K8A1_11,A_Lich_su_may_tinh
K8A1_12,A_Lich_su_may_tinh
K8A2_01,A_Lich_su_may_tinh
K8A2_02,A_Lich_su_may_tinh
K8A2_03,A_Lich_su_may_tinh
K8A2_04,A_Lich_su_may_tinh
K8A2_05,A_Lich_su_may_tinh
K8A2_06,A_Lich_su_may_tinh
K8A2_07,A_Lich_su_may_tinh
K8A2_08,A_Lich_su_may_tinh
K8A2_09,A_Lich_su_may_tinh
K8A2_10,A_Lich_su_may_tinh
K8A2_11,A_Lich_su_may_tinh
K8A2_12,A_Lich_su_may_tinh
K8C1_01,C_Du_lieu_so
K8C1_02,C_Du_lieu_so
K8C1_03,C_Du_lieu_so
K8C1_04,C_Du_lieu_so
K8C1_05,C_Du_lieu_so
K8C1_06,C_Du_lieu_so
K8C1_07,C_Du_lieu_so
K8C1_08,C_Du_lieu_so
K8C1_09,C_Du_lieu_so
K8C1_10,C_Du_lieu_so
K8C1_11,C_Du_lieu_so
K8C1_12,C_Du_lieu_so
K8C2_01,C_Khai_thac_thong_tin
K8C2_02,C_Khai_thac_thong_tin
K8C2_03,C_Khai_thac_thong_tin
K8C2_04,C_Khai_thac_thong_tin
K8C2_05,C_Khai_thac_thong_tin
K8C2_06,C_Khai_thac_thong_tin
K8C2_07,C_Khai_thac_thong_tin
K8C2_08,C_Khai_thac_thong_tin
K8C2_09,C_Khai_thac_thong_tin
K8C2_10,C_Khai_thac_thong_tin
K8C2_11,C_Khai_thac_thong_tin
K8C2_12,C_Khai_thac_thong_tin
K8D1_01,D_Dao_duc_phap_luat
K8D1_02,D_Dao_duc_phap_luat
K8D1_03,D_Dao_duc_phap_luat
K8D1_04,D_Dao_duc_phap_luat
K8D1_05,D_Dao_duc_phap_luat
K8D1_06,D_Dao_duc_phap_luat
K8D1_07,D_Dao_duc_phap_luat
K8D1_08,D_Dao_duc_phap_luat
K8D1_09,D_Dao_duc_phap_luat
K8D1_10,D_Dao_duc_phap_luat
K8D1_11,D_Dao_duc_phap_luat
K8D1_12,D_Dao_duc_phap_luat
K8E1_01,E1_Xu_li_bang_tinh
K8E1_02,E1_Xu_li_bang_tinh
K8E1_03,E1_Xu_li_bang_tinh
K8E1_04,E1_Xu_li_bang_tinh
K8E1_05,E1_Xu_li_bang_tinh
K8E1_06,E1_Xu_li_bang_tinh
K8E1_07,E1_Xu_li_bang_tinh
K8E1_08,E1_Xu_li_bang_tinh
K8E1_09,E1_Xu_li_bang_tinh
K8E1_10,E1_Xu_li_bang_tinh
K8E1_11,E1_Xu_li_bang_tinh
K8E1_12,E1_Xu_li_bang_tinh
K8E1_B2_01,E1_Sap_xep_du_lieu
K8E1_B2_02,E1_Sap_xep_du_lieu
K8E1_B2_03,E1_Sap_xep_du_lieu
K8E1_B2_04,E1_Sap_xep_du_lieu
K8E1_B2_05,E1_Sap_xep_du_lieu
K8E1_B2_06,E1_Sap_xep_du_lieu
K8E1_B2_07,E1_Sap_xep_du_lieu
K8E1_B2_08,E1_Sap_xep_du_lieu
K8E1_B2_09,E1_Sap_xep_du_lieu
K8E1_B2_10,E1_Sap_xep_du_lieu
K8E1_B2_11,E1_Sap_xep_du_lieu
K8E1_B2_12,E1_Sap_xep_du_lieu
K8E1_B3_01,E1_Bieu_do
K8E1_B3_02,E1_Bieu_do
K8E1_B3_03,E1_Bieu_do
K8E1_B3_04,E1_Bieu_do
K8E1_B3_05,E1_Bieu_do
K8E1_B3_06,E1_Bieu_do
K8E1_B3_07,E1_Bieu_do
K8E1_B3_08,E1_Bieu_do
K8E1_B3_09,E1_Bieu_do
K8E1_B3_10,E1_Bieu_do
K8E1_B3_11,E1_Bieu_do
K8E1_B3_12,E1_Bieu_do
K8E1_B5_01,E1_Truc_quan_hoa
K8E1_B5_02,E1_Truc_quan_hoa
K8E1_B5_03,E1_Truc_quan_hoa
K8E1_B5_04,E1_Truc_quan_hoa
K8E1_B5_05,E1_Truc_quan_hoa
K8E1_B5_06,E1_Truc_quan_hoa
K8E1_B5_07,E1_Truc_quan_hoa
K8E1_B5_08,E1_Truc_quan_hoa
K8E1_B5_09,E1_Truc_quan_hoa
K8E1_B5_10,E1_Truc_quan_hoa
K8E1_B5_11,E1_Truc_quan_hoa
K8E1_B5_12,E1_Truc_quan_hoa
K8E2_01,E2_Soan_thao_nang_cao
K8E2_02,E2_Soan_thao_nang_cao
K8E2_03,E2_Soan_thao_nang_cao
K8E2_04,E2_Soan_thao_nang_cao
K8E2_05,E2_Soan_thao_nang_cao
K8E2_06,E2_Soan_thao_nang_cao
K8E2_07,E2_Soan_thao_nang_cao
K8E2_08,E2_Soan_thao_nang_cao
K8E2_09,E2_Soan_thao_nang_cao
K8E2_10,E2_Soan_thao_nang_cao
K8E2_11,E2_Soan_thao_nang_cao
K8E2_12,E2_Soan_thao_nang_cao
K8E2_B3_01,E2_Soan_thao_nang_cao
K8E2_B3_02,E2_Soan_thao_nang_cao
K8E2_B3_03,E2_Soan_thao_nang_cao
K8E2_B3_04,E2_Soan_thao_nang_cao
K8E2_B3_05,E2_Soan_thao_nang_cao
K8E2_B3_06,E2_Soan_thao_nang_cao
K8E2_B3_07,E2_Soan_thao_nang_cao
K8E2_B3_08,E2_Soan_thao_nang_cao
K8E2_B3_09,E2_Soan_thao_nang_cao
K8E2_B3_10,E2_Soan_thao_nang_cao
K8E2_B3_11,E2_Soan_thao_nang_cao
K8E2_B3_12,E2_Soan_thao_nang_cao
K8E2_B6_01,E2_Thuc_hanh_phan_cap
K8E2_B6_02,E2_Thuc_hanh_phan_cap
K8E2_B6_03,E2_Thuc_hanh_phan_cap
K8E2_B6_04,E2_Thuc_hanh_phan_cap
K8E2_B6_05,E2_Thuc_hanh_phan_cap
K8E2_B6_06,E2_Thuc_hanh_phan_cap
K8E2_B6_07,E2_Thuc_hanh_phan_cap
K8E2_B6_08,E2_Thuc_hanh_phan_cap
K8E2_B6_09,E2_Thuc_hanh_phan_cap
K8E2_B6_10,E2_Thuc_hanh_phan_cap
K8E2_B6_11,E2_Thuc_hanh_phan_cap
K8E2_B6_12,E2_Thuc_hanh_phan_cap
K8E2_B8_01,E2_Thuc_hanh_trinh_chieu
K8E2_B8_02,E2_Thuc_hanh_trinh_chieu
K8E2_B8_03,E2_Thuc_hanh_trinh_chieu
K8E2_B8_04,E2_Thuc_hanh_trinh_chieu
K8E2_B8_05,E2_Thuc_hanh_trinh_chieu
K8E2_B8_06,E2_Thuc_hanh_trinh_chieu
K8E2_B8_07,E2_Thuc_hanh_trinh_chieu
K8E2_B8_08,E2_Thuc_hanh_trinh_chieu
K8E2_B8_09,E2_Thuc_hanh_trinh_chieu
K8E2_B8_10,E2_Thuc_hanh_trinh_chieu
K8E2_B8_11,E2_Thuc_hanh_trinh_chieu
K8E2_B8_12,E2_Thuc_hanh_trinh_chieu
K8F1_01,F_Lap_trinh_truc_quan
K8F1_02,F_Lap_trinh_truc_quan
K8F1_03,F_Lap_trinh_truc_quan
K8F1_04,F_Lap_trinh_truc_quan
K8F1_05,F_Lap_trinh_truc_quan
K8F1_06,F_Lap_trinh_truc_quan
K8F1_07,F_Lap_trinh_truc_quan
K8F1_08,F_Lap_trinh_truc_quan
K8F1_09,F_Lap_trinh_truc_quan
K8F1_10,F_Lap_trinh_truc_quan
K8F1_11,F_Lap_trinh_truc_quan
K8F1_12,F_Lap_trinh_truc_quan
K8F2_01,F_Lap_trinh_truc_quan
K8F2_02,F_Lap_trinh_truc_quan
K8F2_03,F_Lap_trinh_truc_quan
K8F2_04,F_Lap_trinh_truc_quan
K8F2_05,F_Lap_trinh_truc_quan
K8F2_06,F_Lap_trinh_truc_quan
K8F2_07,F_Lap_trinh_truc_quan
K8F2_08,F_Lap_trinh_truc_quan
K8F2_09,F_Lap_trinh_truc_quan
K8F2_10,F_Lap_trinh_truc_quan
K8F2_11,F_Lap_trinh_truc_quan
K8F2_12,F_Lap_trinh_truc_quan
K8G1_01,G_Huong_nghiep
K8G1_02,G_Huong_nghiep
K8G1_03,G_Huong_nghiep
K8G1_04,G_Huong_nghiep
K8G1_05,G_Huong_nghiep
K8G1_06,G_Huong_nghiep
K8G1_07,G_Huong_nghiep
K8G1_08,G_Huong_nghiep
K8G1_09,G_Huong_nghiep
K8G1_10,G_Huong_nghiep
K8G1_11,G_Huong_nghiep
K8G1_12,G_Huong_nghiep
K8G2_01,G_Huong_nghiep
K8G2_02,G_Huong_nghiep
K8G2_03,G_Huong_nghiep
K8G2_04,G_Huong_nghiep
K8G2_05,G_Huong_nghiep
K8G2_06,G_Huong_nghiep
K8G2_07,G_Huong_nghiep
K8G2_08,G_Huong_nghiep
K8G2_09,G_Huong_nghiep
K8G2_10,G_Huong_nghiep
K8G2_11,G_Huong_nghiep
K8G2_12,G_Huong_nghiep
K9B10A_01,10A_Truc_quan_hoa
K9B10A_02,10A_Truc_quan_hoa
K9B10A_03,10A_Truc_quan_hoa
K9B10A_04,10A_Truc_quan_hoa
K9B10A_05,10A_Truc_quan_hoa
K9B10A_06,10A_Truc_quan_hoa
K9B10A_07,10A_Truc_quan_hoa
K9B10A_08,10A_Truc_quan_hoa
K9B10A_09,10A_Truc_quan_hoa
K9B10A_10,10A_Truc_quan_hoa
K9B10A_11,10A_Truc_quan_hoa
K9B10A_12,10A_Truc_quan_hoa
K9B11_01,11_Giai_quyet_van_de
K9B11_02,11_Giai_quyet_van_de
K9B11_03,11_Giai_quyet_van_de
K9B11_04,11_Giai_quyet_van_de
K9B11_05,11_Giai_quyet_van_de
K9B11_06,11_Giai_quyet_van_de
K9B11_07,11_Giai_quyet_van_de
K9B11_08,11_Giai_quyet_van_de
K9B11_09,11_Giai_quyet_van_de
K9B11_10,11_Giai_quyet_van_de
K9B11_11,11_Giai_quyet_van_de
K9B11_12,11_Giai_quyet_van_de
K9B12_01,12_Bai_toan_trong_tin_hoc
K9B12_02,12_Bai_toan_trong_tin_hoc
K9B12_03,12_Bai_toan_trong_tin_hoc
K9B12_04,12_Bai_toan_trong_tin_hoc
K9B12_05,12_Bai_toan_trong_tin_hoc
K9B12_06,12_Bai_toan_trong_tin_hoc
K9B12_07,12_Bai_toan_trong_tin_hoc
K9B12_08,12_Bai_toan_trong_tin_hoc
K9B12_09,12_Bai_toan_trong_tin_hoc
K9B12_10,12_Bai_toan_trong_tin_hoc
K9B12_11,12_Bai_toan_trong_tin_hoc
K9B12_12,12_Bai_toan_trong_tin_hoc
K9B13_01,13_Quy_trinh_giao_bai_toan
K9B13_02,13_Quy_trinh_giao_bai_toan
K9B13_03,13_Quy_trinh_giao_bai_toan
K9B13_04,13_Quy_trinh_giao_bai_toan
K9B13_05,13_Quy_trinh_giao_bai_toan
K9B13_06,13_Quy_trinh_giao_bai_toan
K9B13_07,13_Quy_trinh_giao_bai_toan
K9B13_08,13_Quy_trinh_giao_bai_toan
K9B13_09,13_Quy_trinh_giao_bai_toan
K9B13_10,13_Quy_trinh_giao_bai_toan
K9B13_11,13_Quy_trinh_giao_bai_toan
K9B13_12,13_Quy_trinh_giao_bai_toan
K9B14_01,14_Nhom_nghe_tin_hoc
K9B14_02,14_Nhom_nghe_tin_hoc
K9B14_03,14_Nhom_nghe_tin_hoc
K9B14_04,14_Nhom_nghe_tin_hoc
K9B14_05,14_Nhom_nghe_tin_hoc
K9B14_06,14_Nhom_nghe_tin_hoc
K9B14_07,14_Nhom_nghe_tin_hoc
K9B14_08,14_Nhom_nghe_tin_hoc
K9B14_09,14_Nhom_nghe_tin_hoc
K9B14_10,14_Nhom_nghe_tin_hoc
K9B14_11,14_Nhom_nghe_tin_hoc
K9B14_12,14_Nhom_nghe_tin_hoc
K9B1_01,1_May_tinh_va_doi_song
K9B1_02,1_May_tinh_va_doi_song
K9B1_03,1_May_tinh_va_doi_song
K9B1_04,1_May_tinh_va_doi_song
K9B1_05,1_May_tinh_va_doi_song
K9B1_06,1_May_tinh_va_doi_song
K9B1_07,1_May_tinh_va_doi_song
K9B1_08,1_May_tinh_va_doi_song
K9B1_09,1_May_tinh_va_doi_song
K9B1_10,1_May_tinh_va_doi_song
K9B1_11,1_May_tinh_va_doi_song
K9B1_12,1_May_tinh_va_doi_song
K9B1_13,1_May_tinh_va_doi_song
K9B1_14,1_May_tinh_va_doi_song
K9B1_15,1_May_tinh_va_doi_song
K9B1_16,1_May_tinh_va_doi_song
K9B1_17,1_May_tinh_va_doi_song
K9B2_01,2_Chat_luong_thong_tin
K9B2_02,2_Chat_luong_thong_tin
K9B2_03,2_Chat_luong_thong_tin
K9B2_04,2_Chat_luong_thong_tin
K9B2_05,2_Chat_luong_thong_tin
K9B2_06,2_Chat_luong_thong_tin
K9B2_07,2_Chat_luong_thong_tin
K9B2_08,2_Chat_luong_thong_tin
K9B2_09,2_Chat_luong_thong_tin
K9B2_10,2_Chat_luong_thong_tin
K9B2_11,2_Chat_luong_thong_tin
K9B2_12,2_Chat_luong_thong_tin
K9B3_01,3_Tac_dong_cong_nghe_so
K9B3_02,3_Tac_dong_cong_nghe_so
K9B3_03,3_Tac_dong_cong_nghe_so
K9B3_04,3_Tac_dong_cong_nghe_so
K9B3_05,3_Tac_dong_cong_nghe_so
K9B3_06,3_Tac_dong_cong_nghe_so
K9B3_07,3_Tac_dong_cong_nghe_so
K9B3_08,3_Tac_dong_cong_nghe_so
K9B3_09,3_Tac_dong_cong_nghe_so
K9B3_10,3_Tac_dong_cong_nghe_so
K9B3_11,3_Tac_dong_cong_nghe_so
K9B3_12,3_Tac_dong_cong_nghe_so
K9B4_01,4_Phan_mem_mo_phong
K9B4_02,4_Phan_mem_mo_phong
K9B4_03,4_Phan_mem_mo_phong
K9B4_04,4_Phan_mem_mo_phong
K9B4_05,4_Phan_mem_mo_phong
K9B4_06,4_Phan_mem_mo_phong
K9B4_07,4_Phan_mem_mo_phong
K9B4_08,4_Phan_mem_mo_phong
K9B4_09,4_Phan_mem_mo_phong
K9B4_10,4_Phan_mem_mo_phong
K9B4_11,4_Phan_mem_mo_phong
K9B4_12,4_Phan_mem_mo_phong
K9B5_01,5_Trinh_bay_thong_tin
K9B5_02,5_Trinh_bay_thong_tin
K9B5_03,5_Trinh_bay_thong_tin
K9B5_04,5_Trinh_bay_thong_tin
K9B5_05,5_Trinh_bay_thong_tin
K9B5_06,5_Trinh_bay_thong_tin
K9B5_07,5_Trinh_bay_thong_tin
K9B5_08,5_Trinh_bay_thong_tin
K9B5_09,5_Trinh_bay_thong_tin
K9B5_10,5_Trinh_bay_thong_tin
K9B5_11,5_Trinh_bay_thong_tin
K9B5_12,5_Trinh_bay_thong_tin
K9B6A_01,6A_Quan_li_tai_chinh
K9B6A_02,6A_Quan_li_tai_chinh
K9B6A_03,6A_Quan_li_tai_chinh
K9B6A_04,6A_Quan_li_tai_chinh
K9B6A_05,6A_Quan_li_tai_chinh
K9B6A_06,6A_Quan_li_tai_chinh
K9B6A_07,6A_Quan_li_tai_chinh
K9B6A_08,6A_Quan_li_tai_chinh
K9B6A_09,6A_Quan_li_tai_chinh
K9B6A_10,6A_Quan_li_tai_chinh
K9B6A_11,6A_Quan_li_tai_chinh
K9B6A_12,6A_Quan_li_tai_chinh
K9B7A_01,7A_Ham_COUNTIF
K9B7A_02,7A_Ham_COUNTIF
K9B7A_03,7A_Ham_COUNTIF
K9B7A_04,7A_Ham_COUNTIF
K9B7A_05,7A_Ham_COUNTIF
K9B7A_06,7A_Ham_COUNTIF
K9B7A_07,7A_Ham_COUNTIF
K9B7A_08,7A_Ham_COUNTIF
K9B7A_09,7A_Ham_COUNTIF
K9B7A_10,7A_Ham_COUNTIF
K9B7A_11,7A_Ham_COUNTIF
K9B7A_12,7A_Ham_COUNTIF
K9B8A_01,8A_Ham_SUMIF
K9B8A_02,8A_Ham_SUMIF
K9B8A_03,8A_Ham_SUMIF
K9B8A_04,8A_Ham_SUMIF
K9B8A_05,8A_Ham_SUMIF
K9B8A_06,8A_Ham_SUMIF
K9B8A_07,8A_Ham_SUMIF
K9B8A_08,8A_Ham_SUMIF
K9B8A_09,8A_Ham_SUMIF
K9B8A_10,8A_Ham_SUMIF
K9B8A_11,8A_Ham_SUMIF
K9B8A_12,8A_Ham_SUMIF
K9B9A_01,9A_Tong_hop_thu_chi
K9B9A_02,9A_Tong_hop_thu_chi
K9B9A_03,9A_Tong_hop_thu_chi
K9B9A_04,9A_Tong_hop_thu_chi
K9B9A_05,9A_Tong_hop_thu_chi
K9B9A_06,9A_Tong_hop_thu_chi
K9B9A_07,9A_Tong_hop_thu_chi
K9B9A_08,9A_Tong_hop_thu_chi
K9B9A_09,9A_Tong_hop_thu_chi
K9B9A_10,9A_Tong_hop_thu_chi
K9B9A_11,9A_Tong_hop_thu_chi
K9B9A_12,9A_Tong_hop_thu_chi
q_id,topic_id
